seas_id,season,player_id,player,tm,pos,per,ows,dws,ws,ws_48,obpm,bpm,vorp,mvp_share,fg_per_game,pts_per_game
28971,2021,4066,Anthony Davis,LAL,PF,22.1,1.3,2.4,3.7,0.152,2.6,4.8,2.0,0.0,8.4,21.8
28323,2020,4066,Anthony Davis,LAL,PF,27.4,6.7,4.4,11.1,0.25,5.4,8.0,5.4,0.081,8.9,26.1
27614,2019,4066,Anthony Davis,NOP,C,30.3,6.4,3.1,9.5,0.247,7.1,9.4,5.3,0.0,9.5,25.9
26947,2018,4066,Anthony Davis,NOP,PF,28.9,8.8,4.9,13.7,0.241,5.3,6.7,5.9,0.441,10.4,28.1
26357,2017,4066,Anthony Davis,NOP,C,27.5,5.9,5.1,11.0,0.195,4.4,5.9,5.4,0.002,10.3,28.0
25780,2016,4066,Anthony Davis,NOP,C,25.0,4.4,2.8,7.2,0.16,3.6,3.9,3.2,0.0,9.2,24.3
25137,2015,4066,Anthony Davis,NOP,PF,30.8,9.9,4.2,14.0,0.274,6.6,8.9,6.7,0.156,9.4,24.4
24524,2014,4066,Anthony Davis,NOP,PF,26.5,7.2,3.2,10.4,0.212,4.0,4.8,4.0,0.0,7.8,20.8
28991,2021,4474,Ben Simmons,PHI,PG,18.3,2.7,3.3,6.0,0.153,0.7,2.9,2.3,0.003,5.6,14.3
28336,2020,4474,Ben Simmons,PHI,PG,20.4,3.8,3.1,6.9,0.165,1.3,3.6,2.8,0.0,6.6,16.4
25794,2016,3920,Blake Griffin,LAC,PF,22.1,2.2,1.6,3.8,0.156,3.4,4.5,1.9,0.0,8.6,21.4
25160,2015,3920,Blake Griffin,LAC,PF,22.8,6.6,2.4,9.0,0.183,3.8,4.0,3.6,0.002,8.6,21.9
24547,2014,3920,Blake Griffin,LAC,PF,23.9,8.1,4.1,12.2,0.205,3.8,4.5,4.7,0.347,9.0,24.1
23958,2013,3920,Blake Griffin,LAC,PF,22.4,6.8,3.9,10.6,0.196,3.2,4.1,4.0,0.0,7.2,18.0
23402,2012,3920,Blake Griffin,LAC,PF,23.4,6.6,2.6,9.2,0.185,3.9,3.7,3.4,0.0,8.5,20.7
22793,2011,3920,Blake Griffin,LAC,PF,21.9,6.5,3.4,9.8,0.152,3.0,2.6,3.6,0.004,8.5,22.5
29042,2021,3585,Chris Paul,PHO,PG,21.4,6.5,2.7,9.2,0.201,3.5,4.6,3.6,0.138,6.3,16.4
28384,2020,3585,Chris Paul,OKC,PG,21.7,5.9,3.0,8.9,0.193,3.0,4.4,3.5,0.026,6.2,17.6
27677,2019,3585,Chris Paul,HOU,PG,19.7,4.4,2.2,6.6,0.172,2.7,3.9,2.8,0.0,5.2,15.6
26424,2017,3585,Chris Paul,LAC,PG,26.2,7.9,2.6,10.6,0.264,6.3,8.7,5.2,0.0,6.1,18.1
25844,2016,3585,Chris Paul,LAC,PG,26.2,9.2,3.5,12.7,0.253,5.9,7.9,6.0,0.082,7.0,19.5
25204,2015,3585,Chris Paul,LAC,PG,26.0,12.9,3.2,16.1,0.27,6.4,8.0,7.2,0.095,6.9,19.1
24586,2014,3585,Chris Paul,LAC,PG,25.9,9.0,3.2,12.2,0.27,6.0,8.6,5.8,0.036,6.5,19.1
23994,2013,3585,Chris Paul,LAC,PG,26.4,10.6,3.4,13.9,0.287,6.4,8.8,6.4,0.239,5.9,16.9
23444,2012,3585,Chris Paul,LAC,PG,27.0,10.4,2.3,12.7,0.278,6.7,9.2,6.1,0.318,7.1,19.8
22841,2011,3585,Chris Paul,NOH,PG,23.7,9.5,4.4,13.9,0.232,4.4,7.1,6.7,0.002,5.4,15.9
22261,2010,3585,Chris Paul,NOH,PG,23.7,5.7,1.5,7.3,0.204,4.6,6.2,3.5,0.0,7.0,18.7
21691,2009,3585,Chris Paul,NOH,PG,30.0,13.3,5.0,18.3,0.292,7.2,11.0,9.9,0.159,8.1,22.8
21089,2008,3585,Chris Paul,NOH,PG,28.3,13.2,4.6,17.8,0.284,7.2,10.4,9.3,0.71,7.9,21.1
20552,2007,3585,Chris Paul,NOK,PG,22.0,6.2,2.6,8.8,0.179,3.6,5.0,4.2,0.0,6.0,17.3
29072,2021,4077,Damian Lillard,POR,PG,25.6,9.6,0.8,10.4,0.209,7.5,6.3,5.0,0.038,9.0,28.8
28403,2020,4077,Damian Lillard,POR,PG,26.9,10.9,0.7,11.6,0.225,8.3,7.5,5.9,0.023,9.5,30.0
27699,2019,4077,Damian Lillard,POR,PG,23.7,9.7,2.4,12.1,0.205,6.6,6.4,6.0,0.068,8.5,25.8
27025,2018,4077,Damian Lillard,POR,PG,25.2,9.9,2.7,12.6,0.227,7.0,7.2,6.3,0.205,8.5,26.9
26440,2017,4077,Damian Lillard,POR,PG,24.1,8.8,1.5,10.4,0.185,6.1,5.0,4.8,0.0,8.8,27.0
25866,2016,4077,Damian Lillard,POR,PG,22.2,7.7,1.4,9.2,0.165,5.7,4.4,4.3,0.02,8.2,25.1
25221,2015,4077,Damian Lillard,POR,PG,20.7,7.3,3.3,10.6,0.174,4.3,4.7,4.9,0.0,7.2,21.0
29107,2021,3872,DeMar DeRozan,SAS,PF,22.0,5.9,1.5,7.4,0.172,3.2,3.1,2.6,0.0,7.5,21.6
27728,2019,3872,DeMar DeRozan,SAS,SG,19.6,3.6,2.6,6.3,0.112,1.0,1.1,2.2,0.0,8.2,21.2
27056,2018,3872,DeMar DeRozan,TOR,SG,21.0,6.8,2.8,9.6,0.17,3.3,2.8,3.2,0.032,8.1,23.0
26463,2017,3872,DeMar DeRozan,TOR,SG,24.0,6.7,2.4,9.0,0.166,4.1,3.0,3.3,0.001,9.7,27.3
25882,2016,3872,DeMar DeRozan,TOR,SG,21.5,7.5,2.4,9.9,0.169,3.2,2.5,3.2,0.0,7.9,23.5
23502,2012,3812,Derrick Rose,CHI,PG,23.0,4.1,2.0,6.0,0.211,6.1,6.4,2.9,0.004,7.7,21.8
22905,2011,3812,Derrick Rose,CHI,PG,23.5,8.3,4.8,13.1,0.208,6.3,6.8,6.7,0.977,8.8,25.0
22307,2010,3812,Derrick Rose,CHI,PG,18.6,3.5,2.5,6.0,0.1,2.6,1.7,2.7,0.0,8.6,20.8
29124,2021,4321,Devin Booker,PHO,SG,19.2,2.9,2.0,4.9,0.104,1.7,0.3,1.3,0.0,9.3,25.6
26494,2017,4085,Draymond Green,GSW,PF,16.5,2.8,5.4,8.2,0.16,1.0,4.9,4.3,0.0,3.6,10.2
25899,2016,4085,Draymond Green,GSW,PF,19.3,6.0,5.1,11.1,0.19,2.6,5.5,5.3,0.038,5.0,14.0
25257,2015,4085,Draymond Green,GSW,PF,16.4,3.3,5.2,8.5,0.163,0.7,3.5,3.5,0.0,4.3,11.7
25310,2015,3817,Goran Dragić,PHO,SG,16.7,3.1,0.9,4.0,0.111,1.1,0.1,0.9,0.0,6.5,16.2
25311,2015,3817,Goran Dragić,MIA,PG,18.8,2.3,0.5,2.8,0.146,2.5,2.1,0.9,0.0,6.2,16.6
24695,2014,3817,Goran Dragić,PHO,SG,21.4,8.4,2.0,10.3,0.186,4.1,3.9,4.0,0.002,7.3,20.3
24108,2013,3817,Goran Dragić,PHO,PG,17.5,4.1,1.6,5.7,0.106,1.7,1.4,2.2,0.0,5.2,14.7
29226,2021,4723,Ja Morant,MEM,PG,16.7,1.6,1.6,3.2,0.074,1.3,-0.4,0.8,0.0,6.8,19.1
29275,2021,4518,Jayson Tatum,BOS,SF,21.3,4.1,2.5,6.5,0.137,4.2,3.9,3.4,0.0,9.5,26.4
28582,2020,4518,Jayson Tatum,BOS,PF,20.4,3.2,3.7,6.9,0.146,3.5,4.0,3.4,0.001,8.4,23.4
27897,2019,4518,Jayson Tatum,BOS,SF,15.1,1.6,3.4,5.0,0.097,-0.4,-0.2,1.1,0.0,5.9,15.7
29285,2021,4023,Jimmy Butler,MIA,SF,26.5,6.6,2.7,9.3,0.255,5.4,7.7,4.3,0.0,7.0,21.5
28598,2020,4023,Jimmy Butler,MIA,SF,23.6,6.3,2.7,9.0,0.221,4.0,5.4,3.7,0.009,5.9,19.9
27912,2019,4023,Jimmy Butler,MIN,SG,22.3,1.0,0.4,1.3,0.176,4.7,6.9,0.8,0.0,7.4,21.3
27913,2019,4023,Jimmy Butler,PHI,SF,19.8,4.4,2.1,6.6,0.172,2.4,3.1,2.4,0.0,6.3,18.2
27231,2018,4023,Jimmy Butler,MIN,SG,23.7,7.1,1.8,8.9,0.198,5.0,5.8,4.2,0.005,7.4,22.2
26587,2017,4023,Jimmy Butler,CHI,SF,25.1,10.1,3.8,13.8,0.236,5.6,7.3,6.6,0.0,7.5,23.9
27246,2018,3951,John Wall,WAS,PG,19.1,1.2,1.5,2.7,0.092,3.5,3.0,1.8,0.0,6.8,19.4
26603,2017,3951,John Wall,WAS,PG,23.2,5.8,3.0,8.8,0.149,4.6,4.7,4.8,0.007,8.3,23.1
26026,2016,3951,John Wall,WAS,PG,19.8,2.2,3.5,5.7,0.098,3.1,3.5,3.9,0.0,7.4,19.9
29311,2021,4266,Julius Randle,NYK,PF,19.7,3.4,4.3,7.8,0.14,2.9,3.8,3.9,0.02,8.5,24.1
28641,2020,4266,Julius Randle,NYK,PF,17.5,0.9,1.8,2.7,0.062,0.7,-0.3,0.9,0.0,7.2,19.5
29324,2021,4032,Kawhi Leonard,LAC,SF,26.0,6.4,2.4,8.8,0.238,6.0,7.3,4.2,0.001,8.9,24.8
28654,2020,4032,Kawhi Leonard,LAC,SF,26.9,5.4,3.3,8.7,0.226,6.5,8.9,5.1,0.166,9.3,27.1
27966,2019,4032,Kawhi Leonard,TOR,SF,25.8,6.1,3.4,9.5,0.224,6.1,7.2,4.7,0.013,9.3,26.6
27282,2018,4032,Kawhi Leonard,SAS,SF,26.0,0.3,0.5,0.9,0.196,5.2,10.1,0.6,0.0,5.8,16.2
26641,2017,4032,Kawhi Leonard,SAS,SF,27.6,8.9,4.7,13.6,0.264,7.1,9.4,7.1,0.495,8.6,25.5
26060,2016,4032,Kawhi Leonard,SAS,SF,26.0,8.3,5.5,13.7,0.277,6.1,9.1,6.7,0.484,7.7,21.2
25447,2015,4032,Kawhi Leonard,SAS,SF,22.0,4.2,4.4,8.6,0.204,2.8,5.9,4.1,0.001,6.2,16.5
24816,2014,4032,Kawhi Leonard,SAS,SF,19.4,3.8,3.9,7.7,0.193,2.1,5.1,3.5,0.0,5.1,12.8
29339,2021,3770,Kevin Durant,BRK,PF,26.4,3.7,1.2,5.0,0.206,6.4,7.2,2.7,0.0,9.3,26.9
27979,2019,3770,Kevin Durant,GSW,SF,24.2,8.6,2.9,11.5,0.204,5.4,5.5,5.1,0.025,9.2,26.0
27293,2018,3770,Kevin Durant,GSW,SF,26.0,7.5,2.9,10.4,0.215,6.7,7.3,5.5,0.065,9.3,26.4
26649,2017,3770,Kevin Durant,GSW,PF,27.6,8.0,4.0,12.0,0.278,6.7,8.9,5.7,0.002,8.9,25.1
26070,2016,3770,Kevin Durant,OKC,SF,28.2,11.0,3.5,14.5,0.27,8.4,9.9,7.8,0.112,9.7,28.2
25458,2015,3770,Kevin Durant,OKC,SF,27.6,3.8,1.0,4.8,0.252,8.6,10.0,2.8,0.0,8.8,25.4
24828,2014,3770,Kevin Durant,OKC,SF,29.8,14.8,4.4,19.2,0.295,8.8,10.2,9.6,0.986,10.5,32.0
24241,2013,3770,Kevin Durant,OKC,SF,28.3,13.6,5.3,18.9,0.291,7.6,9.3,8.9,0.632,9.0,28.1
23676,2012,3770,Kevin Durant,OKC,SF,26.2,8.5,3.7,12.2,0.23,6.2,7.0,5.8,0.735,9.7,28.0
23086,2011,3770,Kevin Durant,OKC,SF,23.6,8.6,3.3,12.0,0.189,5.2,4.9,5.3,0.157,9.1,27.7
22474,2010,3770,Kevin Durant,OKC,SF,26.2,11.1,5.0,16.1,0.238,6.3,7.1,7.5,0.495,9.7,30.1
21885,2009,3770,Kevin Durant,OKC,SF,20.8,5.2,2.7,7.9,0.132,3.4,3.3,3.8,0.0,8.9,25.3
25462,2015,3830,Kevin Love,CLE,PF,18.8,5.8,2.9,8.7,0.165,3.2,2.7,3.0,0.0,5.5,16.4
24830,2014,3830,Kevin Love,MIN,PF,26.9,10.6,3.7,14.3,0.245,8.3,8.9,7.7,0.02,8.4,26.1
24244,2013,3830,Kevin Love,MIN,PF,17.9,0.1,0.9,1.1,0.084,1.4,0.4,0.4,0.0,5.8,18.3
23678,2012,3830,Kevin Love,MIN,PF,25.4,7.6,2.3,10.0,0.223,6.1,5.2,3.9,0.048,8.6,26.0
23088,2011,3830,Kevin Love,MIN,PF,24.3,8.9,2.5,11.4,0.21,5.7,4.4,4.2,0.0,6.6,20.2
26082,2016,4036,Klay Thompson,GSW,SG,18.6,5.5,2.6,8.0,0.144,3.4,1.8,2.5,0.0,8.1,22.1
25467,2015,4036,Klay Thompson,GSW,SG,20.8,5.7,3.1,8.8,0.172,4.5,4.4,4.0,0.001,7.8,21.7
24835,2014,4036,Klay Thompson,GSW,SG,14.3,3.5,3.2,6.7,0.112,0.9,0.8,2.0,0.0,6.9,18.4
26663,2017,3685,Kyle Lowry,TOR,PG,22.9,7.8,2.3,10.1,0.216,5.8,6.1,4.6,0.0,7.1,22.4
26093,2016,3685,Kyle Lowry,TOR,PG,22.2,8.0,3.7,11.6,0.196,4.7,5.8,5.7,0.005,6.6,21.2
25474,2015,3685,Kyle Lowry,TOR,PG,19.3,5.1,2.0,7.1,0.141,3.2,3.0,3.1,0.0,6.1,17.8
29379,2021,4654,Luka Dončić,DAL,PG,25.3,5.1,2.6,7.7,0.163,6.1,6.8,5.1,0.042,9.8,27.7
28704,2020,4654,Luka Dončić,DAL,PG,27.6,6.5,2.3,8.8,0.207,7.4,8.4,5.4,0.198,9.5,28.8
28015,2019,4654,Luka Dončić,DAL,SG,19.6,2.1,2.8,4.9,0.101,3.6,3.9,3.4,0.0,7.0,21.2
25532,2015,3779,Mike Conley,MEM,PG,18.6,4.2,2.7,6.8,0.147,2.6,2.8,2.7,0.0,5.6,15.8
24906,2014,3779,Mike Conley,MEM,PG,20.0,5.5,2.7,8.2,0.161,3.4,3.8,3.6,0.001,6.3,17.2
24325,2013,3779,Mike Conley,MEM,PG,18.3,5.1,4.7,9.9,0.172,2.3,4.6,4.6,0.0,5.2,14.6
29479,2021,4437,Pascal Siakam,TOR,PF,17.7,2.3,2.0,4.2,0.101,1.0,0.8,1.4,0.0,7.8,21.4
28790,2020,4437,Pascal Siakam,TOR,PF,17.9,1.8,3.6,5.4,0.123,1.3,1.8,2.0,0.017,8.3,22.9
28100,2019,4437,Pascal Siakam,TOR,PF,18.7,5.7,3.6,9.3,0.175,1.6,2.4,2.8,0.0,6.5,16.9
28796,2020,3969,Paul George,LAC,SF,21.1,2.5,2.3,4.8,0.161,3.8,4.9,2.5,0.0,7.1,21.5
28111,2019,3969,Paul George,OKC,SF,23.3,7.0,4.9,11.9,0.201,5.6,7.2,6.6,0.352,9.2,28.0
27432,2018,3969,Paul George,OKC,SF,18.7,5.0,3.9,8.9,0.147,2.3,2.9,3.6,0.0,7.3,21.9
25584,2015,3969,Paul George,IND,SF,13.0,-0.2,0.2,0.0,-0.008,-2.3,-2.2,0.0,0.0,3.0,8.8
24953,2014,3969,Paul George,IND,SF,20.1,4.4,6.4,10.8,0.178,2.7,4.9,5.0,0.026,7.2,21.7
24357,2013,3969,Paul George,IND,SF,16.8,2.7,6.3,9.0,0.145,1.5,3.8,4.4,0.0,6.2,17.4
29529,2021,4199,Rudy Gobert,UTA,C,23.5,6.1,5.2,11.3,0.248,2.1,4.9,3.8,0.008,5.5,14.3
28826,2020,4199,Rudy Gobert,UTA,C,21.7,6.5,4.2,10.7,0.221,1.7,3.6,3.3,0.0,5.7,15.1
28147,2019,4199,Rudy Gobert,UTA,C,24.6,8.7,5.7,14.4,0.268,3.0,5.4,4.8,0.001,5.9,15.9
27467,2018,4199,Rudy Gobert,UTA,C,20.7,4.2,3.9,8.1,0.214,0.9,3.4,2.5,0.0,4.9,13.5
29531,2021,3849,Russell Westbrook,WAS,PG,19.5,0.5,3.2,3.7,0.075,2.6,3.7,3.4,0.005,8.4,22.2
28828,2020,3849,Russell Westbrook,HOU,PG,21.0,1.7,2.5,4.2,0.098,1.6,1.5,1.8,0.0,10.6,27.2
28148,2019,3849,Russell Westbrook,OKC,PG,21.1,1.8,5.0,6.8,0.124,2.8,5.2,4.7,0.008,8.6,22.9
27468,2018,3849,Russell Westbrook,OKC,PG,24.7,5.5,4.5,10.1,0.166,4.8,6.3,6.1,0.075,9.5,25.4
26815,2017,3849,Russell Westbrook,OKC,PG,30.6,8.5,4.6,13.1,0.224,8.7,11.1,9.3,0.879,10.2,31.6
26229,2016,3849,Russell Westbrook,OKC,PG,27.6,10.0,4.0,14.0,0.245,6.4,7.8,6.8,0.371,8.2,23.5
25634,2015,3849,Russell Westbrook,OKC,PG,29.1,7.5,3.2,10.6,0.222,6.9,8.1,5.8,0.271,9.4,28.1
25002,2014,3849,Russell Westbrook,OKC,PG,24.7,3.0,2.3,5.2,0.178,4.8,5.5,2.7,0.0,7.5,21.8
24393,2013,3849,Russell Westbrook,OKC,PG,23.9,7.7,3.9,11.6,0.195,4.6,4.4,4.6,0.007,8.2,23.2
23822,2012,3849,Russell Westbrook,OKC,PG,22.9,5.5,2.4,7.9,0.163,3.7,3.0,3.0,0.003,8.8,23.6
23256,2011,3849,Russell Westbrook,OKC,PG,23.6,6.3,3.1,9.4,0.159,4.3,4.2,4.4,0.0,7.5,21.9
29553,2021,3903,Stephen Curry,GSW,PG,26.3,6.5,2.5,9.0,0.201,8.3,8.7,5.8,0.449,10.4,32.0
28851,2020,3903,Stephen Curry,GSW,PG,21.7,0.2,0.1,0.3,0.103,4.5,3.9,0.2,0.0,6.6,20.8
28179,2019,3903,Stephen Curry,GSW,PG,24.4,7.2,2.5,9.7,0.199,7.1,6.6,5.1,0.173,9.2,27.3
27494,2018,3903,Stephen Curry,GSW,PG,28.2,7.2,1.9,9.1,0.267,7.8,7.7,4.0,0.005,8.4,26.4
26841,2017,3903,Stephen Curry,GSW,PG,24.6,8.7,3.9,12.6,0.229,6.7,6.9,5.9,0.051,8.5,25.3
26260,2016,3903,Stephen Curry,GSW,PG,31.5,13.8,4.1,17.9,0.318,10.3,11.9,9.5,1.0,10.2,30.1
25662,2015,3903,Stephen Curry,GSW,PG,28.0,11.5,4.1,15.7,0.288,8.2,9.9,7.9,0.922,8.2,23.8
25032,2014,3903,Stephen Curry,GSW,PG,24.1,9.3,4.0,13.4,0.225,6.3,7.4,6.7,0.053,8.4,24.0
24418,2013,3903,Stephen Curry,GSW,PG,21.3,8.4,2.8,11.2,0.18,5.3,5.4,5.6,0.002,8.0,22.9
23853,2012,3903,Stephen Curry,GSW,PG,21.2,1.8,0.4,2.2,0.144,4.1,4.3,1.2,0.0,5.6,14.7
28255,2019,4217,Victor Oladipo,IND,SG,17.6,0.4,1.9,2.3,0.097,1.8,2.9,1.4,0.0,6.9,18.8
27554,2018,4217,Victor Oladipo,IND,SG,23.1,4.3,4.0,8.2,0.155,4.1,5.8,5.0,0.002,8.5,23.1
26898,2017,4217,Victor Oladipo,OKC,SG,13.6,1.7,2.3,4.0,0.085,-0.3,-0.5,0.8,0.0,6.1,15.9
25188,2015,3435,Carmelo Anthony,NYK,SF,21.5,2.2,0.6,2.9,0.097,4.9,3.0,1.8,0.0,9.0,24.2
24565,2014,3435,Carmelo Anthony,NYK,PF,24.4,8.1,2.5,10.7,0.172,5.8,5.0,5.3,0.003,9.6,27.4
23976,2013,3435,Carmelo Anthony,NYK,PF,24.8,7.5,2.0,9.5,0.184,6.0,4.3,3.9,0.393,10.0,28.7
23428,2012,3435,Carmelo Anthony,NYK,SF,21.1,3.7,2.6,6.2,0.16,3.8,3.6,2.7,0.0,8.0,22.6
22822,2011,3435,Carmelo Anthony,DEN,SF,21.2,2.8,1.9,4.7,0.127,2.4,1.4,1.5,0.0,8.7,25.2
22823,2011,3435,Carmelo Anthony,NYK,SF,22.8,2.6,0.6,3.2,0.157,4.6,2.9,1.2,0.0,9.1,26.3
22239,2010,3435,Carmelo Anthony,DEN,SF,22.2,5.6,2.4,7.9,0.145,3.5,2.3,2.9,0.053,10.0,28.2
21669,2009,3435,Carmelo Anthony,DEN,SF,19.0,2.4,2.6,5.0,0.105,1.5,0.5,1.5,0.0,8.1,22.8
21073,2008,3435,Carmelo Anthony,DEN,SF,21.1,5.2,3.0,8.2,0.14,2.5,1.6,2.5,0.002,9.5,25.7
20540,2007,3435,Carmelo Anthony,DEN,SF,22.1,5.2,2.1,7.3,0.14,3.2,1.9,2.5,0.001,10.6,28.9
19987,2006,3435,Carmelo Anthony,DEN,SF,22.0,6.8,2.6,9.4,0.153,3.5,2.7,3.5,0.0,9.5,26.5
19406,2005,3435,Carmelo Anthony,DEN,SF,16.7,2.3,2.6,4.9,0.09,0.4,-1.2,0.5,0.0,7.1,20.8
18808,2004,3435,Carmelo Anthony,DEN,SF,17.6,3.7,2.4,6.1,0.098,1.6,0.1,1.6,0.001,7.6,21.0
24072,2013,3520,Dwight Howard,LAL,C,19.4,2.8,4.8,7.6,0.134,-0.6,0.6,1.8,0.0,6.2,17.1
23519,2012,3520,Dwight Howard,ORL,C,24.2,3.3,4.4,7.7,0.179,2.2,4.3,3.3,0.011,7.7,20.6
22919,2011,3520,Dwight Howard,ORL,C,26.1,6.7,7.7,14.4,0.235,2.9,5.3,5.4,0.531,7.9,22.9
22328,2010,3520,Dwight Howard,ORL,C,24.0,6.1,7.1,13.2,0.223,1.6,4.4,4.6,0.389,6.2,18.3
21759,2009,3520,Dwight Howard,ORL,C,25.4,6.2,7.6,13.8,0.234,2.1,4.5,4.7,0.271,7.1,20.6
21157,2008,3520,Dwight Howard,ORL,C,22.9,6.4,6.4,12.9,0.2,1.6,2.8,3.7,0.048,7.1,20.7
20610,2007,3520,Dwight Howard,ORL,C,21.1,3.9,5.8,9.7,0.154,1.7,2.8,3.7,0.0,6.4,17.6
26544,2017,4012,Isaiah Thomas,BOS,PG,26.5,10.9,1.6,12.5,0.234,7.8,6.7,5.6,0.08,9.0,28.9
25949,2016,4012,Isaiah Thomas,BOS,PG,21.5,7.2,2.5,9.7,0.177,4.9,4.3,4.2,0.0,7.2,22.2
24196,2013,3327,Joe Johnson,BRK,SG,14.1,3.9,1.2,5.1,0.092,1.4,0.0,1.3,0.0,6.2,16.3
23633,2012,3327,Joe Johnson,ATL,SG,18.4,4.4,2.1,6.4,0.145,3.1,2.1,2.2,0.001,7.1,18.8
23051,2011,3327,Joe Johnson,ATL,SG,16.4,2.5,1.8,4.2,0.08,1.2,-0.3,1.1,0.0,7.1,18.2
22437,2010,3327,Joe Johnson,ATL,SG,19.3,6.0,2.4,8.4,0.14,3.4,2.7,3.4,0.001,8.4,21.3
21851,2009,3327,Joe Johnson,ATL,SG,18.2,5.1,2.5,7.6,0.116,2.7,1.8,3.1,0.0,7.8,21.4
28000,2019,3686,LaMarcus Aldridge,SAS,C,22.9,6.4,2.9,9.3,0.167,2.4,1.8,2.6,0.0,8.4,21.3
27311,2018,3686,LaMarcus Aldridge,SAS,C,25.0,7.4,3.5,10.9,0.209,4.3,3.9,3.7,0.006,9.2,23.1
26669,2017,3686,LaMarcus Aldridge,SAS,PF,18.6,3.5,3.7,7.2,0.149,0.7,0.8,1.7,0.0,6.9,17.3
26098,2016,3686,LaMarcus Aldridge,SAS,PF,22.4,5.6,4.5,10.1,0.215,2.0,2.3,2.5,0.0,7.2,18.0
25480,2015,3686,LaMarcus Aldridge,POR,PF,22.8,4.9,3.7,8.6,0.165,3.2,2.9,3.1,0.005,9.3,23.4
24844,2014,3686,LaMarcus Aldridge,POR,PF,21.8,4.0,3.5,7.5,0.144,2.3,2.3,2.7,0.021,9.4,23.2
24267,2013,3686,LaMarcus Aldridge,POR,PF,20.4,4.8,2.3,7.2,0.124,1.7,1.3,2.3,0.0,8.6,21.1
24365,2013,3704,Rajon Rondo,BOS,PG,18.1,1.2,2.0,3.2,0.108,1.6,2.2,1.5,0.0,5.9,13.7
23791,2012,3704,Rajon Rondo,BOS,PG,17.5,1.5,3.4,4.9,0.121,1.5,2.2,2.1,0.01,4.8,11.9
23221,2011,3704,Rajon Rondo,BOS,PG,17.1,1.8,4.8,6.6,0.126,1.6,3.1,3.2,0.004,4.7,10.6
22601,2010,3704,Rajon Rondo,BOS,PG,19.1,4.9,4.7,9.6,0.156,2.2,3.6,4.2,0.0,5.7,13.7
26118,2016,3835,Marc Gasol,MEM,C,17.7,1.8,1.9,3.7,0.098,0.8,1.7,1.7,0.0,6.3,16.6
25507,2015,3835,Marc Gasol,MEM,C,21.7,5.5,4.7,10.2,0.182,2.7,5.1,4.8,0.002,6.5,17.4
24876,2014,3835,Marc Gasol,MEM,C,18.2,2.6,3.1,5.6,0.137,1.1,3.0,2.5,0.0,5.7,14.6
24297,2013,3835,Marc Gasol,MEM,C,19.5,6.1,5.4,11.5,0.197,2.1,5.2,5.1,0.001,5.4,14.1
23726,2012,3835,Marc Gasol,MEM,C,18.4,4.2,4.0,8.2,0.166,1.0,3.1,3.1,0.0,5.5,14.6
25403,2015,3763,Joakim Noah,CHI,C,15.3,2.4,3.1,5.6,0.13,0.1,2.1,2.1,0.0,2.8,7.2
24779,2014,3763,Joakim Noah,CHI,C,20.0,4.5,6.6,11.2,0.19,1.7,5.3,5.2,0.258,4.8,12.6
24194,2013,3763,Joakim Noah,CHI,C,18.1,2.7,4.7,7.3,0.145,0.6,3.4,3.3,0.001,4.6,11.9
23631,2012,3763,Joakim Noah,CHI,C,19.6,4.9,4.2,9.0,0.223,1.7,3.8,2.8,0.0,3.9,10.2
18228,2002,3166,Vince Carter,TOR,SG,20.5,4.6,2.4,7.0,0.14,4.7,4.4,3.9,0.0,9.3,24.7
17728,2001,3166,Vince Carter,TOR,SF,25.0,10.3,2.6,12.9,0.208,7.6,7.6,7.2,0.006,10.2,27.6
17195,2000,3166,Vince Carter,TOR,SF,23.4,9.1,2.7,11.8,0.182,5.6,5.5,5.9,0.042,9.6,25.7
25252,2015,3116,Dirk Nowitzki,DAL,PF,19.2,5.2,2.0,7.2,0.152,2.7,2.2,2.4,0.0,6.3,17.3
24647,2014,3116,Dirk Nowitzki,DAL,PF,23.6,8.6,2.3,10.9,0.199,5.0,5.0,4.7,0.006,7.9,21.7
24056,2013,3116,Dirk Nowitzki,DAL,PF,19.8,3.3,1.8,5.0,0.145,3.0,3.1,2.2,0.0,6.5,17.3
23509,2012,3116,Dirk Nowitzki,DAL,PF,21.7,5.0,2.6,7.6,0.175,3.7,3.7,3.0,0.003,7.6,21.6
22913,2011,3116,Dirk Nowitzki,DAL,PF,23.4,7.8,3.3,11.1,0.213,4.3,5.1,4.5,0.093,8.4,23.0
22318,2010,3116,Dirk Nowitzki,DAL,PF,22.9,8.4,3.9,12.3,0.194,3.7,4.2,4.7,0.045,8.9,25.0
21748,2009,3116,Dirk Nowitzki,DAL,PF,23.1,7.5,3.4,10.9,0.171,3.7,3.4,4.2,0.002,9.6,25.9
21147,2008,3116,Dirk Nowitzki,DAL,PF,24.6,8.9,4.0,12.9,0.223,5.6,6.6,6.0,0.004,8.2,23.6
20603,2007,3116,Dirk Nowitzki,DAL,PF,27.6,11.8,4.5,16.3,0.278,7.2,8.3,7.4,0.882,8.6,24.6
20055,2006,3116,Dirk Nowitzki,DAL,PF,28.1,13.5,4.3,17.7,0.275,7.8,8.1,7.9,0.435,9.3,26.6
19480,2005,3116,Dirk Nowitzki,DAL,PF,26.1,10.3,5.2,15.6,0.248,5.8,7.3,7.1,0.275,8.5,26.1
18892,2004,3116,Dirk Nowitzki,DAL,C,22.5,9.0,2.5,11.5,0.19,3.8,3.8,4.3,0.003,7.9,21.8
18380,2003,3116,Dirk Nowitzki,DAL,PF,25.6,10.8,5.3,16.1,0.249,5.8,7.2,7.3,0.036,8.6,25.1
17884,2002,3116,Dirk Nowitzki,DAL,C,24.1,10.2,3.1,13.4,0.222,5.4,5.5,5.5,0.025,7.9,23.4
17367,2001,3116,Dirk Nowitzki,DAL,PF,22.8,10.3,4.3,14.6,0.224,4.9,5.4,5.9,0.0,7.2,21.8
24656,2014,3445,Dwyane Wade,MIA,SG,22.0,3.5,2.0,5.5,0.149,2.9,2.9,2.2,0.0,7.7,19.0
24073,2013,3445,Dwyane Wade,MIA,SG,24.0,6.1,3.5,9.6,0.192,3.7,4.4,3.8,0.004,8.2,21.2
23520,2012,3445,Dwyane Wade,MIA,SG,26.3,4.8,2.9,7.7,0.227,6.0,7.9,4.0,0.005,8.5,22.1
22920,2011,3445,Dwyane Wade,MIA,SG,25.6,8.1,4.7,12.8,0.218,5.5,6.6,6.1,0.02,9.1,25.5
22329,2010,3445,Dwyane Wade,MIA,SG,28.0,8.5,4.6,13.0,0.224,7.1,9.2,7.9,0.097,9.3,26.6
21760,2009,3445,Dwyane Wade,MIA,SG,30.4,10.3,4.4,14.7,0.232,8.2,10.6,9.6,0.562,10.8,30.2
21158,2008,3445,Dwyane Wade,MIA,SG,21.5,1.8,1.5,3.3,0.082,3.1,2.9,2.3,0.0,8.6,24.6
20611,2007,3445,Dwyane Wade,MIA,SG,28.9,5.9,2.9,8.8,0.219,6.3,8.2,4.9,0.002,9.3,27.4
20064,2006,3445,Dwyane Wade,MIA,SG,27.6,10.2,4.2,14.4,0.239,5.9,7.7,7.1,0.07,9.3,27.2
19490,2005,3445,Dwyane Wade,MIA,SG,23.1,6.7,4.3,11.0,0.177,3.9,4.6,4.9,0.034,8.2,24.1
18904,2004,3445,Dwyane Wade,MIA,PG,17.6,2.2,2.3,4.6,0.103,1.4,1.4,1.9,0.0,6.1,16.2
25698,2015,3356,Tony Parker,SAS,PG,15.9,2.4,1.7,4.1,0.1,0.1,-1.3,0.3,0.0,5.9,14.4
25058,2014,3356,Tony Parker,SAS,PG,18.9,3.9,1.9,5.9,0.141,2.0,0.9,1.5,0.017,6.7,16.7
24449,2013,3356,Tony Parker,SAS,PG,23.0,7.1,2.3,9.3,0.206,4.1,3.6,3.1,0.071,7.9,20.3
23877,2012,3356,Tony Parker,SAS,PG,22.0,5.5,1.6,7.1,0.177,3.6,2.7,2.3,0.274,7.1,18.3
23321,2011,3356,Tony Parker,SAS,PG,20.4,5.8,2.4,8.2,0.156,2.3,1.8,2.4,0.002,7.1,17.5
22697,2010,3356,Tony Parker,SAS,PG,16.4,2.0,1.6,3.6,0.101,0.6,-0.7,0.6,0.0,6.2,16.0
22120,2009,3356,Tony Parker,SAS,PG,23.4,5.6,3.0,8.6,0.168,3.8,3.6,3.5,0.007,8.9,22.0
21536,2008,3356,Tony Parker,SAS,PG,20.0,3.9,3.2,7.0,0.146,2.5,2.4,2.6,0.0,7.5,18.8
20944,2007,3356,Tony Parker,SAS,PG,21.4,5.8,3.9,9.6,0.185,2.7,3.1,3.2,0.001,7.4,18.6
20419,2006,3356,Tony Parker,SAS,PG,20.8,5.5,4.1,9.6,0.169,2.4,2.8,3.3,0.007,7.8,18.9
19854,2005,3356,Tony Parker,SAS,PG,18.0,3.6,4.5,8.1,0.141,1.4,2.0,2.8,0.0,6.7,16.6
25104,2015,3496,Al Jefferson,CHO,C,19.7,1.3,3.4,4.7,0.113,0.9,1.6,1.8,0.0,7.5,16.6
24495,2014,3496,Al Jefferson,CHA,C,22.7,3.1,4.7,7.8,0.146,2.2,2.7,3.0,0.027,9.6,21.8
23917,2013,3496,Al Jefferson,UTA,C,20.9,4.3,3.3,7.7,0.143,2.2,2.4,2.8,0.0,7.8,17.8
23725,2012,3401,Manu Ginóbili,SAS,SG,24.1,3.4,0.9,4.2,0.257,5.8,6.9,1.8,0.0,4.4,12.9
23136,2011,3401,Manu Ginóbili,SAS,SG,21.7,6.6,3.2,9.9,0.195,4.1,5.4,4.5,0.017,5.5,17.4
22516,2010,3401,Manu Ginóbili,SAS,SG,22.5,6.5,3.2,9.7,0.216,5.1,6.7,4.7,0.002,5.3,16.5
21933,2009,3401,Manu Ginóbili,SAS,SG,22.9,2.7,2.3,5.0,0.203,3.7,6.1,2.4,0.0,5.1,15.5
21344,2008,3401,Manu Ginóbili,SAS,SG,24.3,6.6,4.5,11.1,0.232,5.6,8.3,6.0,0.007,6.1,19.5
20783,2007,3401,Manu Ginóbili,SAS,SG,24.1,6.3,4.3,10.6,0.246,5.3,7.8,5.1,0.0,5.3,16.5
24622,2014,3590,David Lee,GSW,PF,19.1,4.1,3.5,7.6,0.16,1.1,1.3,1.9,0.0,7.4,18.2
24032,2013,3590,David Lee,GSW,PF,19.2,5.4,3.7,9.1,0.15,1.4,1.8,2.8,0.001,7.6,18.5
23483,2012,3590,David Lee,GSW,PF,19.7,3.8,1.2,5.0,0.113,1.2,-0.3,0.9,0.0,8.1,20.1
22896,2011,3592,Deron Williams,UTA,PG,22.1,5.9,0.8,6.7,0.159,5.0,3.7,2.9,0.0,7.0,21.3
22897,2011,3592,Deron Williams,NJN,PG,17.0,0.3,0.3,0.6,0.066,1.4,-0.1,0.2,0.0,4.9,15.0
22305,2010,3592,Deron Williams,UTA,PG,20.6,7.4,3.0,10.3,0.177,4.2,3.8,4.1,0.006,6.5,18.7
21736,2009,3592,Deron Williams,UTA,PG,21.1,6.5,1.9,8.4,0.16,4.8,4.0,3.8,0.0,6.8,19.4
21135,2008,3592,Deron Williams,UTA,PG,20.8,8.9,2.3,11.3,0.177,4.9,3.8,4.5,0.003,6.9,18.8
20593,2007,3592,Deron Williams,UTA,PG,17.1,5.3,1.9,7.2,0.117,2.6,1.3,2.4,0.0,6.2,16.2
22583,2010,3146,Paul Pierce,BOS,SF,18.2,5.0,3.3,8.3,0.165,2.3,3.0,3.0,0.0,5.8,18.3
22006,2009,3146,Paul Pierce,BOS,SF,17.7,5.5,4.8,10.3,0.164,2.4,3.1,3.9,0.017,6.7,20.5
21425,2008,3146,Paul Pierce,BOS,SF,19.6,6.7,5.7,12.4,0.207,3.3,4.8,5.0,0.001,6.4,19.6
20847,2007,3146,Paul Pierce,BOS,SG,21.7,3.8,1.6,5.4,0.148,4.9,4.2,2.7,0.0,7.9,25.0
19148,2004,3146,Paul Pierce,BOS,SG,19.4,3.7,3.4,7.1,0.109,2.3,2.0,3.2,0.0,7.5,23.0
18601,2003,3146,Paul Pierce,BOS,SG,22.7,5.3,4.8,10.1,0.157,4.2,4.9,5.4,0.001,8.4,25.9
18111,2002,3146,Paul Pierce,BOS,SG,22.3,7.3,5.6,12.9,0.187,4.7,5.9,6.6,0.017,8.6,26.1
17606,2001,3146,Paul Pierce,BOS,SF,22.3,6.9,3.5,10.4,0.16,4.5,4.4,5.0,0.004,8.4,25.3
17078,2000,3146,Paul Pierce,BOS,SF,19.8,5.2,3.0,8.2,0.152,3.0,3.9,3.9,0.0,6.7,19.5
25071,2014,3910,Ty Lawson,DEN,PG,19.0,4.8,1.5,6.3,0.136,2.9,2.3,2.5,0.0,5.6,17.6
24457,2013,3910,Ty Lawson,DEN,PG,17.9,5.6,1.8,7.4,0.141,2.5,2.0,2.5,0.001,6.1,16.7
23887,2012,3910,Ty Lawson,DEN,PG,19.4,5.7,1.2,6.9,0.157,3.6,3.2,2.8,0.0,6.1,16.4
23368,2012,3366,Amar'e Stoudemire,NYK,PF,17.7,1.8,2.3,4.1,0.128,0.1,-0.3,0.7,0.0,6.7,17.5
22756,2011,3366,Amar'e Stoudemire,NYK,C,22.7,5.4,2.6,8.0,0.134,2.0,1.4,2.4,0.007,9.5,25.3
22180,2010,3366,Amar'e Stoudemire,PHO,PF,22.6,8.2,2.5,10.7,0.181,2.1,1.0,2.2,0.004,8.6,23.1
21597,2009,3366,Amar'e Stoudemire,PHO,PF,20.3,4.6,1.4,6.1,0.149,1.9,1.7,1.8,0.0,7.6,21.4
20995,2008,3366,Amar'e Stoudemire,PHO,C,27.6,10.9,3.8,14.6,0.262,4.2,4.8,4.6,0.021,9.0,25.2
20481,2007,3366,Amar'e Stoudemire,PHO,C,23.1,7.2,4.0,11.2,0.201,1.5,1.8,2.6,0.002,7.4,20.4
19331,2005,3366,Amar'e Stoudemire,PHO,C,26.6,11.3,3.3,14.6,0.243,4.1,4.4,4.7,0.032,9.3,26.0
18743,2004,3366,Amar'e Stoudemire,PHO,PF,19.8,2.4,2.0,4.4,0.105,0.8,0.1,1.1,0.0,7.5,20.6
22834,2011,3436,Chris Bosh,MIA,PF,19.4,6.1,4.3,10.3,0.177,1.4,1.3,2.3,0.0,6.8,18.7
22256,2010,3436,Chris Bosh,TOR,C,25.0,7.9,1.7,9.6,0.182,4.8,3.6,3.6,0.001,8.6,24.0
21686,2009,3436,Chris Bosh,TOR,C,22.1,6.6,3.1,9.7,0.159,3.0,2.7,3.5,0.0,8.0,22.7
21085,2008,3436,Chris Bosh,TOR,C,23.8,7.0,3.1,10.1,0.2,4.0,4.4,3.9,0.0,7.6,22.3
20548,2007,3436,Chris Bosh,TOR,C,22.6,6.1,3.5,9.6,0.174,2.8,2.7,3.1,0.033,7.9,22.6
19997,2006,3436,Chris Bosh,TOR,C,23.2,8.7,1.1,9.8,0.17,3.9,2.9,3.4,0.0,7.8,22.5
20624,2007,3186,Elton Brand,LAC,PF,23.1,7.2,4.3,11.5,0.18,3.4,4.2,4.8,0.0,8.1,20.5
20077,2006,3186,Elton Brand,LAC,PF,26.5,9.3,5.5,14.8,0.229,5.1,6.7,6.8,0.04,9.6,24.7
19507,2005,3186,Elton Brand,LAC,PF,22.4,6.9,3.7,10.6,0.169,3.4,3.6,4.2,0.0,7.8,20.0
18401,2003,3186,Elton Brand,LAC,PF,21.7,4.9,2.7,7.6,0.149,2.5,3.0,3.1,0.0,7.3,18.5
17907,2002,3186,Elton Brand,LAC,PF,23.6,9.9,3.7,13.6,0.216,3.9,4.3,4.8,0.001,6.7,18.2
17391,2001,3186,Elton Brand,CHI,PF,20.4,4.1,2.0,6.1,0.101,2.2,1.1,2.2,0.0,7.8,20.1
24829,2014,2936,Kevin Garnett,BRK,C,13.3,-0.7,1.9,1.2,0.054,-2.5,-1.2,0.2,0.0,2.9,6.5
24242,2013,2936,Kevin Garnett,BOS,C,19.2,1.8,3.8,5.6,0.133,0.9,2.6,2.3,0.001,6.2,14.8
23677,2012,2936,Kevin Garnett,BOS,C,20.4,2.6,4.3,6.9,0.178,1.8,4.3,2.9,0.0,6.5,15.8
21886,2009,2936,Kevin Garnett,BOS,PF,21.2,3.0,4.1,7.1,0.193,2.8,5.7,3.5,0.0,6.9,15.8
21291,2008,2936,Kevin Garnett,BOS,PF,25.3,6.6,6.2,12.9,0.265,4.7,8.2,6.0,0.532,7.5,18.8
20742,2007,2936,Kevin Garnett,MIN,PF,24.1,5.7,4.9,10.7,0.171,3.8,5.4,5.5,0.005,8.4,22.4
20194,2006,2936,Kevin Garnett,MIN,PF,26.8,9.0,5.9,14.9,0.242,5.6,7.8,7.4,0.0,8.2,21.8
19632,2005,2936,Kevin Garnett,MIN,PF,28.2,10.1,6.0,16.1,0.248,6.5,9.5,9.1,0.012,8.3,22.2
19036,2004,2936,Kevin Garnett,MIN,PF,29.4,10.4,8.0,18.3,0.272,6.8,10.2,10.0,0.991,9.8,24.2
18513,2003,2936,Kevin Garnett,MIN,PF,26.4,9.8,5.8,15.6,0.225,6.0,8.4,8.7,0.732,9.1,23.0
18024,2002,2936,Kevin Garnett,MIN,PF,23.8,7.9,4.9,12.8,0.194,5.1,6.8,7.1,0.013,8.1,21.2
17505,2001,2936,Kevin Garnett,MIN,PF,23.9,7.0,4.8,11.8,0.176,4.5,6.0,6.4,0.122,8.7,22.0
16994,2000,2936,Kevin Garnett,MIN,PF,23.6,6.1,5.6,11.6,0.172,4.6,6.3,6.8,0.337,9.4,22.9
24253,2013,3000,Kobe Bryant,LAL,SG,23.0,8.4,2.6,10.9,0.174,4.7,4.6,5.0,0.152,9.5,27.3
23684,2012,3000,Kobe Bryant,LAL,SG,21.9,4.2,2.0,6.2,0.132,4.2,3.3,2.9,0.291,9.9,27.9
23095,2011,3000,Kobe Bryant,LAL,SG,23.9,6.8,3.5,10.3,0.178,5.4,5.2,5.0,0.354,9.0,25.3
22483,2010,3000,Kobe Bryant,LAL,SG,21.9,5.4,4.0,9.4,0.16,3.9,4.1,4.4,0.487,9.8,27.0
21892,2009,3000,Kobe Bryant,LAL,SG,24.4,8.6,4.0,12.7,0.206,5.6,5.9,5.9,0.577,9.8,26.8
21299,2008,3000,Kobe Bryant,LAL,SG,24.2,9.5,4.3,13.8,0.208,5.2,5.8,6.3,0.873,9.5,28.3
20750,2007,3000,Kobe Bryant,LAL,SG,26.1,10.8,2.2,13.0,0.199,6.4,5.9,6.1,0.404,10.6,31.6
20200,2006,3000,Kobe Bryant,LAL,SG,28.0,11.6,3.7,15.3,0.224,7.4,7.6,8.0,0.386,12.2,35.4
19640,2005,3000,Kobe Bryant,LAL,SG,23.3,7.1,1.0,8.1,0.145,5.7,5.0,4.7,0.0,8.7,27.6
19042,2004,3000,Kobe Bryant,LAL,SG,23.7,7.8,3.0,10.7,0.21,5.1,5.6,4.7,0.172,7.9,24.0
18520,2003,3000,Kobe Bryant,LAL,SG,26.2,11.0,4.0,14.9,0.21,6.3,7.1,7.7,0.417,10.6,30.0
18031,2002,3000,Kobe Bryant,LAL,SG,23.2,8.9,3.8,12.7,0.199,4.3,4.6,5.2,0.078,9.4,25.2
17514,2001,3000,Kobe Bryant,LAL,SG,24.5,9.2,2.2,11.3,0.196,5.1,4.8,4.7,0.009,10.3,28.5
17000,2000,3000,Kobe Bryant,LAL,SG,21.7,6.1,4.5,10.6,0.202,3.5,5.1,4.5,0.002,8.4,22.5
26280,2016,3092,Tim Duncan,SAS,C,16.9,1.6,3.6,5.2,0.163,-0.1,3.0,2.0,0.0,3.5,8.6
25687,2015,3092,Tim Duncan,SAS,C,22.6,4.9,4.7,9.6,0.207,2.3,5.1,4.0,0.001,5.4,13.9
25048,2014,3092,Tim Duncan,SAS,C,21.3,2.8,4.6,7.4,0.164,1.2,3.3,2.9,0.017,6.0,15.1
24439,2013,3092,Tim Duncan,SAS,C,24.4,3.4,4.9,8.3,0.191,2.4,5.3,3.8,0.054,7.1,17.8
23871,2012,3092,Tim Duncan,SAS,C,22.5,3.0,2.9,5.9,0.174,2.0,3.3,2.2,0.002,6.2,15.4
23314,2011,3092,Tim Duncan,SAS,C,21.9,3.7,4.0,7.7,0.171,2.2,4.4,3.5,0.0,5.5,13.4
22692,2010,3092,Tim Duncan,SAS,C,24.7,6.4,4.5,10.9,0.215,4.4,6.1,5.0,0.0,7.2,17.9
22113,2009,3092,Tim Duncan,SAS,C,24.4,5.0,5.0,10.1,0.191,3.4,5.4,4.7,0.002,7.4,19.3
21533,2008,3092,Tim Duncan,SAS,C,24.4,4.9,6.2,11.1,0.201,3.0,5.2,4.8,0.02,7.5,19.3
20940,2007,3092,Tim Duncan,SAS,C,26.1,6.3,6.8,13.0,0.23,3.8,7.0,6.2,0.222,7.7,20.0
20409,2006,3092,Tim Duncan,SAS,PF,23.1,3.9,6.9,10.8,0.187,2.3,5.0,4.9,0.026,7.2,18.6
19843,2005,3092,Tim Duncan,SAS,PF,27.0,5.5,5.7,11.2,0.245,4.8,7.6,5.4,0.258,7.8,20.3
19255,2004,3092,Tim Duncan,SAS,PF,27.1,5.9,7.2,13.1,0.249,5.2,8.5,6.7,0.582,8.6,22.3
18688,2003,3092,Tim Duncan,SAS,PF,26.9,9.5,6.9,16.5,0.248,5.0,7.6,7.7,0.808,8.8,23.3
18196,2002,3092,Tim Duncan,SAS,PF,27.0,10.7,7.1,17.8,0.257,5.4,7.6,8.0,0.757,9.3,25.5
17693,2001,3092,Tim Duncan,SAS,PF,23.8,6.2,7.1,13.2,0.2,2.9,4.7,5.4,0.569,8.6,22.2
17164,2000,3092,Tim Duncan,SAS,PF,24.8,6.7,6.4,13.0,0.218,3.8,5.6,5.5,0.205,8.5,23.2
19339,2005,3298,Andrei Kirilenko,UTA,PF,24.4,3.5,2.0,5.5,0.197,5.5,9.2,3.8,0.0,5.0,15.6
18745,2004,3298,Andrei Kirilenko,UTA,PF,22.6,6.5,5.0,11.6,0.192,5.0,7.9,7.2,0.002,5.3,16.5
18264,2003,3298,Andrei Kirilenko,UTA,SF,21.1,5.3,3.8,9.2,0.199,3.0,5.8,4.4,0.0,3.9,12.0
21668,2009,3369,Carlos Boozer,UTA,PF,17.2,0.9,1.7,2.6,0.105,0.0,-0.6,0.4,0.0,6.8,16.2
21071,2008,3369,Carlos Boozer,UTA,PF,21.9,5.9,4.3,10.2,0.173,2.5,2.8,3.5,0.001,8.8,21.1
20538,2007,3369,Carlos Boozer,UTA,PF,24.1,6.5,3.4,9.9,0.185,4.4,4.6,4.3,0.005,8.7,20.9
19985,2006,3369,Carlos Boozer,UTA,PF,21.4,2.2,1.3,3.5,0.162,2.4,2.1,1.1,0.0,6.6,16.3
20914,2007,3218,Shawn Marion,PHO,SF,20.8,6.7,5.3,12.0,0.191,2.4,4.4,4.8,0.0,7.0,17.5
20387,2006,3218,Shawn Marion,PHO,PF,23.6,8.6,5.9,14.6,0.214,3.5,4.8,5.6,0.001,8.8,21.8
19819,2005,3218,Shawn Marion,PHO,PF,21.7,7.3,5.2,12.5,0.191,3.1,4.4,5.1,0.001,7.6,19.4
19232,2004,3218,Shawn Marion,PHO,SF,19.9,5.3,3.8,9.1,0.135,3.0,3.6,4.6,0.0,7.5,19.0
21612,2009,3104,Antawn Jamison,WAS,PF,20.6,6.6,1.6,8.1,0.126,3.3,1.6,2.8,0.0,8.3,22.2
21011,2008,3104,Antawn Jamison,WAS,PF,20.3,6.0,3.2,9.2,0.144,3.1,1.7,2.9,0.001,7.8,21.4
20498,2007,3104,Antawn Jamison,WAS,PF,18.4,5.2,1.6,6.8,0.123,2.7,1.3,2.2,0.0,7.3,19.8
22831,2011,3048,Chauncey Billups,DEN,PG,18.6,4.7,1.1,5.8,0.171,3.8,2.9,2.1,0.0,4.6,16.5
22832,2011,3048,Chauncey Billups,NYK,PG,19.1,1.9,0.2,2.1,0.155,3.4,1.6,0.6,0.0,5.0,17.5
22254,2010,3048,Chauncey Billups,DEN,PG,20.2,7.7,1.7,9.5,0.182,4.5,3.7,3.6,0.001,5.5,19.5
21679,2009,3048,Chauncey Billups,DET,PG,17.5,0.1,0.1,0.2,0.124,0.4,1.0,0.1,0.0,3.5,12.5
21680,2009,3048,Chauncey Billups,DEN,PG,18.8,7.8,2.1,9.9,0.176,3.9,3.4,3.7,0.0,5.2,17.9
21082,2008,3048,Chauncey Billups,DET,PG,23.6,10.2,3.4,13.5,0.257,6.5,7.7,6.2,0.0,5.0,17.0
20547,2007,3048,Chauncey Billups,DET,PG,21.3,8.7,2.7,11.4,0.216,4.2,4.7,4.3,0.003,5.0,17.0
19995,2006,3048,Chauncey Billups,DET,PG,23.4,12.7,2.8,15.5,0.254,6.2,6.2,6.1,0.344,5.2,18.5
19412,2005,3048,Chauncey Billups,DET,PG,19.0,8.6,3.5,12.1,0.202,3.6,4.2,4.5,0.0,5.1,16.5
19578,2005,2993,Jermaine O'Neal,IND,PF,22.9,1.3,2.5,3.8,0.118,1.5,1.8,1.5,0.0,8.8,24.3
18993,2004,2993,Jermaine O'Neal,IND,PF,21.1,2.7,6.3,9.0,0.155,1.1,2.4,3.1,0.425,7.8,20.1
18471,2003,2993,Jermaine O'Neal,IND,PF,21.4,5.3,5.2,10.5,0.177,2.0,2.9,3.5,0.0,7.9,20.8
20333,2006,3016,Ray Allen,SEA,SG,22.2,9.8,-0.3,9.5,0.15,6.4,4.4,4.9,0.0,8.7,25.1
19772,2005,3016,Ray Allen,SEA,SG,20.9,9.7,1.0,10.7,0.168,5.3,4.1,4.8,0.032,8.2,23.9
19169,2004,3016,Ray Allen,SEA,SG,21.7,6.5,0.4,6.9,0.153,5.5,4.0,3.2,0.0,8.0,23.0
18129,2002,3016,Ray Allen,MIL,SG,21.6,7.6,1.3,8.9,0.169,6.0,4.9,4.4,0.0,7.7,21.8
17623,2001,3016,Ray Allen,MIL,SG,22.9,11.5,2.2,13.7,0.211,5.7,5.5,5.9,0.006,7.7,22.0
17095,2000,3016,Ray Allen,MIL,SG,20.6,9.0,1.0,10.1,0.157,4.7,3.6,4.3,0.0,7.8,22.1
24421,2013,3028,Steve Nash,LAL,PG,16.0,3.7,0.6,4.3,0.127,1.8,0.4,1.0,0.0,4.7,12.7
23858,2012,3028,Steve Nash,PHO,PG,20.3,5.2,0.6,5.9,0.144,4.7,3.4,2.7,0.006,4.8,12.5
23296,2011,3028,Steve Nash,PHO,PG,20.8,7.3,0.7,7.9,0.153,4.7,3.2,3.3,0.0,5.3,14.7
22678,2010,3028,Steve Nash,PHO,PG,21.6,9.1,0.8,9.9,0.178,6.1,4.3,4.2,0.04,6.2,16.5
22097,2009,3028,Steve Nash,PHO,PG,19.5,6.7,0.5,7.3,0.14,4.5,2.4,2.8,0.0,5.8,15.7
21515,2008,3028,Steve Nash,PHO,PG,21.1,9.0,1.4,10.5,0.181,5.8,3.9,4.2,0.014,6.0,16.9
20930,2007,3028,Steve Nash,PHO,PG,23.8,10.8,1.7,12.6,0.225,6.7,5.9,5.3,0.785,6.8,18.6
20402,2006,3028,Steve Nash,PHO,PG,23.3,10.3,2.1,12.4,0.212,5.7,5.0,4.9,0.739,6.8,18.8
19832,2005,3028,Steve Nash,PHO,PG,22.0,9.7,1.2,10.9,0.203,5.5,4.7,4.4,0.839,5.7,15.5
19243,2004,3028,Steve Nash,DAL,PG,20.5,8.9,-0.1,8.8,0.162,4.7,2.5,3.0,0.0,5.1,14.5
18678,2003,3028,Steve Nash,DAL,PG,22.6,9.7,1.9,11.6,0.206,5.4,4.6,4.5,0.001,6.3,17.7
18183,2002,3028,Steve Nash,DAL,PG,20.7,9.5,0.3,9.9,0.167,5.1,3.1,3.6,0.004,6.4,17.9
17683,2001,3028,Steve Nash,DAL,PG,19.6,6.8,1.6,8.4,0.169,3.8,2.8,2.9,0.0,5.5,15.6
22220,2010,3658,Brandon Roy,POR,SG,21.3,7.0,2.1,9.1,0.18,4.7,4.7,4.1,0.0,7.6,21.5
21649,2009,3658,Brandon Roy,POR,SG,24.0,10.9,2.6,13.5,0.223,6.0,6.2,6.0,0.006,8.1,22.6
21055,2008,3658,Brandon Roy,POR,SG,19.4,5.9,2.1,8.0,0.138,3.2,3.3,3.6,0.0,7.2,19.1
17423,2001,2863,Grant Hill,ORL,SF,18.1,0.2,0.2,0.3,0.126,3.3,5.2,0.2,0.0,4.8,13.8
16918,2000,2863,Grant Hill,DET,SF,24.5,8.1,2.6,10.7,0.185,5.4,5.4,5.2,0.093,9.4,25.8
19570,2005,2870,Jason Kidd,NJN,PG,19.5,3.1,4.2,7.2,0.143,3.3,4.6,4.1,0.0,5.2,14.4
18983,2004,2870,Jason Kidd,NJN,PG,19.7,2.8,4.4,7.2,0.141,3.4,4.7,4.2,0.014,5.5,15.5
18459,2003,2870,Jason Kidd,NJN,PG,22.2,5.5,5.8,11.3,0.182,4.8,6.6,6.5,0.026,6.4,18.7
17973,2002,2870,Jason Kidd,NJN,PG,19.1,3.1,5.8,8.9,0.14,3.0,4.5,5.0,0.712,5.4,14.7
17461,2001,2870,Jason Kidd,PHO,PG,19.4,4.2,5.4,9.6,0.15,2.4,4.2,4.8,0.015,5.9,16.9
16948,2000,2870,Jason Kidd,PHO,PG,18.4,3.7,4.8,8.5,0.156,2.3,4.3,4.2,0.021,5.2,14.3
18475,2003,2930,Jerry Stackhouse,WAS,SG,18.7,5.1,1.4,6.5,0.114,2.9,1.3,2.3,0.0,7.0,21.5
17986,2002,2930,Jerry Stackhouse,DET,SF,19.0,3.2,2.6,5.8,0.104,2.6,1.4,2.4,0.002,6.9,21.4
17473,2001,2930,Jerry Stackhouse,DET,SG,21.8,6.6,2.6,9.2,0.137,5.8,5.1,5.8,0.002,9.7,29.8
16960,2000,2930,Jerry Stackhouse,DET,SG,18.9,5.7,1.6,7.3,0.111,2.8,1.0,2.4,0.0,7.5,23.6
20242,2006,3004,Marcus Camby,DEN,C,19.9,1.0,4.5,5.5,0.141,0.1,3.5,2.6,0.0,5.4,12.8
19681,2005,3004,Marcus Camby,DEN,C,18.0,1.2,4.5,5.8,0.138,-0.2,3.1,2.6,0.001,4.2,10.3
19077,2004,3004,Marcus Camby,DEN,C,17.8,2.6,4.3,6.9,0.154,-0.1,2.5,2.5,0.0,3.6,8.6
22030,2009,2950,Rasheed Wallace,DET,C,14.9,1.6,3.4,5.1,0.114,0.4,2.0,2.1,0.0,4.6,12.0
21443,2008,2950,Rasheed Wallace,DET,C,17.2,2.5,5.1,7.6,0.155,1.5,4.1,3.6,0.001,4.9,12.7
20864,2007,2950,Rasheed Wallace,DET,C,15.7,1.8,4.4,6.2,0.123,0.4,2.0,2.5,0.0,4.8,12.3
21026,2008,3173,Baron Davis,GSW,PG,19.8,5.9,2.8,8.7,0.131,3.2,3.6,4.5,0.0,7.9,21.8
20510,2007,3173,Baron Davis,GSW,PG,21.0,4.1,2.3,6.4,0.139,3.1,3.6,3.2,0.001,7.2,20.1
19949,2006,3173,Baron Davis,GSW,PG,18.3,2.4,2.0,4.4,0.106,2.8,2.6,2.3,0.0,6.2,17.9
19363,2005,3173,Baron Davis,NOH,PG,21.4,1.1,0.6,1.7,0.138,5.2,5.4,1.1,0.0,6.2,18.9
19364,2005,3173,Baron Davis,GSW,PG,20.4,1.7,0.9,2.6,0.129,3.5,3.4,1.3,0.0,6.4,19.5
18768,2004,3173,Baron Davis,NOH,PG,20.7,4.3,3.2,7.5,0.133,4.7,5.2,4.8,0.003,8.3,22.9
18287,2003,3173,Baron Davis,NOH,PG,16.9,2.2,2.2,4.5,0.113,2.5,3.2,2.5,0.0,6.6,17.1
19367,2005,2971,Ben Wallace,DET,C,17.4,1.8,6.7,8.5,0.153,0.2,2.8,3.2,0.0,4.0,9.7
18770,2004,2971,Ben Wallace,DET,C,17.3,1.1,9.1,10.2,0.16,0.2,3.5,4.3,0.02,3.9,9.5
18288,2003,2971,Ben Wallace,DET,C,17.2,2.7,7.9,10.6,0.176,0.4,3.9,4.3,0.028,2.9,6.9
17783,2002,2971,Ben Wallace,DET,C,18.6,4.3,7.2,11.6,0.19,1.2,4.4,4.8,0.019,3.2,7.6
17249,2001,2971,Ben Wallace,DET,C,14.8,1.0,6.0,7.0,0.121,-0.6,1.9,2.7,0.0,2.7,6.4
21185,2008,3317,Gilbert Arenas,WAS,PG,18.2,0.2,0.4,0.6,0.07,2.3,2.4,0.5,0.0,6.0,19.4
20644,2007,3317,Gilbert Arenas,WAS,PG,24.0,9.3,1.5,10.8,0.177,5.5,4.7,5.0,0.024,8.7,28.4
20094,2006,3317,Gilbert Arenas,WAS,PG,23.8,11.0,2.6,13.6,0.193,5.4,5.4,6.3,0.0,9.3,29.3
19527,2005,3317,Gilbert Arenas,WAS,PG,21.3,9.2,2.3,11.5,0.169,4.7,4.2,5.2,0.003,8.2,25.5
18932,2004,3317,Gilbert Arenas,WAS,PG,16.0,1.1,1.5,2.6,0.061,1.1,0.1,1.1,0.0,6.5,19.6
19715,2005,3275,Michael Redd,MIL,SG,18.3,5.5,0.7,6.2,0.105,2.8,1.0,2.2,0.0,8.3,23.0
19109,2004,3275,Michael Redd,MIL,SG,19.9,8.4,1.3,9.7,0.154,3.8,2.5,3.5,0.001,7.7,21.7
18570,2003,3275,Michael Redd,MIL,SG,21.0,6.9,1.1,8.0,0.167,5.0,3.9,3.4,0.0,5.5,15.1
18573,2003,3140,Mike Bibby,SAC,PG,17.6,3.5,2.0,5.6,0.146,1.8,1.8,1.8,0.0,6.0,15.9
18081,2002,3140,Mike Bibby,SAC,PG,14.9,3.7,2.6,6.3,0.113,0.3,0.4,1.6,0.001,5.6,13.7
17574,2001,3140,Mike Bibby,VAN,PG,16.8,4.0,1.4,5.3,0.081,2.0,0.7,2.2,0.0,6.4,15.9
22121,2009,3096,Tracy McGrady,HOU,SG,16.3,0.9,1.8,2.7,0.108,1.4,2.3,1.3,0.0,5.4,15.6
21537,2008,3096,Tracy McGrady,HOU,SG,18.4,2.0,3.8,5.8,0.115,2.4,2.9,3.1,0.015,8.3,21.6
20945,2007,3096,Tracy McGrady,HOU,SG,23.2,4.1,4.5,8.6,0.163,4.9,6.1,5.2,0.085,9.0,24.6
20420,2006,3096,Tracy McGrady,HOU,SF,21.9,1.4,2.7,4.1,0.112,4.8,5.4,3.3,0.0,8.7,24.4
19856,2005,3096,Tracy McGrady,HOU,SF,22.9,6.5,5.4,12.0,0.18,5.2,6.7,6.9,0.035,9.2,25.7
19272,2004,3096,Tracy McGrady,ORL,SG,25.3,8.1,0.4,8.4,0.151,7.6,6.4,5.7,0.0,9.7,28.0
18699,2003,3096,Tracy McGrady,ORL,SG,30.3,13.2,2.9,16.1,0.262,9.8,10.5,9.3,0.359,11.1,32.1
18211,2002,3096,Tracy McGrady,ORL,SG,25.1,8.1,3.4,11.5,0.189,6.4,6.8,6.4,0.31,9.4,25.6
17709,2001,3096,Tracy McGrady,ORL,SG,24.9,8.3,3.9,12.2,0.189,6.5,7.0,7.0,0.052,10.2,26.8
17183,2000,3096,Tracy McGrady,TOR,SF,20.0,3.7,2.9,6.6,0.129,2.6,3.5,3.4,0.0,5.8,15.4
19755,2005,3147,Peja Stojaković,SAC,SF,17.3,6.0,1.2,7.3,0.137,2.4,1.2,2.1,0.0,6.8,20.1
19150,2004,3147,Peja Stojaković,SAC,SF,21.8,11.4,2.1,13.5,0.198,5.2,3.9,4.9,0.228,8.2,24.2
18603,2003,3147,Peja Stojaković,SAC,SF,19.6,6.9,3.3,10.1,0.199,3.6,3.5,3.4,0.0,6.9,19.2
18112,2002,3147,Peja Stojaković,SAC,SF,19.3,6.8,3.0,9.9,0.179,3.2,3.0,3.3,0.001,7.7,21.2
17607,2001,3147,Peja Stojaković,SAC,SF,18.4,6.8,3.3,10.1,0.168,2.8,2.5,3.2,0.0,7.5,20.4
21491,2008,2751,Shaquille O'Neal,MIA,C,17.7,0.1,1.0,1.2,0.059,-1.4,-1.5,0.1,0.0,5.8,14.2
21492,2008,2751,Shaquille O'Neal,PHO,C,16.5,0.4,1.2,1.7,0.1,-1.0,-0.6,0.3,0.0,5.0,12.9
20910,2007,2751,Shaquille O'Neal,MIA,C,21.7,1.4,1.5,2.8,0.119,1.6,1.7,1.1,0.002,7.1,17.3
20382,2006,2751,Shaquille O'Neal,MIA,C,24.4,3.3,2.9,6.2,0.164,2.4,2.7,2.1,0.0,8.1,20.0
19815,2005,2751,Shaquille O'Neal,MIA,C,27.0,6.4,4.6,11.0,0.211,4.1,5.3,4.6,0.813,9.0,22.9
19227,2004,2751,Shaquille O'Neal,LAL,C,24.4,5.9,4.0,9.9,0.192,3.8,4.8,4.1,0.145,8.3,21.5
18664,2003,2751,Shaquille O'Neal,LAL,C,29.5,10.2,3.0,13.2,0.25,6.4,6.5,5.5,0.106,10.4,27.5
18169,2002,2751,Shaquille O'Neal,LAL,C,29.7,9.2,4.0,13.2,0.262,7.1,8.0,6.1,0.552,10.6,27.2
17668,2001,2751,Shaquille O'Neal,LAL,C,30.2,11.1,3.9,14.9,0.245,7.0,7.7,7.1,0.466,11.0,28.7
17142,2000,2751,Shaquille O'Neal,LAL,C,30.6,11.7,7.0,18.6,0.283,7.3,9.3,9.0,0.998,12.1,29.7
22149,2009,3428,Yao Ming,HOU,C,22.7,5.6,5.0,10.6,0.196,1.6,3.1,3.3,0.001,7.4,19.7
21569,2008,3428,Yao Ming,HOU,C,22.5,4.2,4.1,8.3,0.196,1.8,3.4,2.8,0.0,7.9,22.0
19889,2005,3428,Yao Ming,HOU,C,23.2,6.0,4.7,10.7,0.21,1.5,2.4,2.8,0.0,6.7,18.3
19305,2004,3428,Yao Ming,HOU,C,21.9,6.5,4.8,11.4,0.202,1.7,2.8,3.2,0.001,6.5,17.5
18725,2003,3428,Yao Ming,HOU,C,20.6,5.2,3.5,8.7,0.176,1.3,2.2,2.5,0.0,4.9,13.5
20477,2007,2967,Allen Iverson,PHI,PG,23.5,1.0,0.5,1.6,0.119,4.9,3.9,1.0,0.0,10.1,31.2
20478,2007,2967,Allen Iverson,DEN,SG,18.4,2.9,1.7,4.6,0.105,1.9,1.1,1.7,0.0,8.6,24.8
19913,2006,2967,Allen Iverson,PHI,PG,25.9,8.8,1.8,10.6,0.165,5.8,4.8,5.3,0.001,11.3,33.0
19327,2005,2967,Allen Iverson,PHI,PG,23.2,5.3,3.7,9.0,0.136,4.2,4.2,5.0,0.189,10.3,30.7
18738,2004,2967,Allen Iverson,PHI,SG,19.3,0.5,2.3,2.8,0.066,2.7,2.1,2.1,0.0,9.1,26.4
18258,2003,2967,Allen Iverson,PHI,SG,21.2,5.0,4.2,9.2,0.127,3.2,3.5,4.8,0.07,9.8,27.6
17755,2002,2967,Allen Iverson,PHI,SG,21.9,2.6,4.3,6.9,0.126,3.9,4.8,4.5,0.023,11.1,31.4
17220,2001,2967,Allen Iverson,PHI,SG,24.0,7.3,4.5,11.8,0.19,5.0,6.1,6.1,0.904,10.7,31.1
16725,2000,2967,Allen Iverson,PHI,SG,20.0,3.3,3.6,6.9,0.116,3.4,3.2,3.8,0.109,10.4,28.4
18075,2002,2948,Michael Finley,DAL,SF,17.6,5.3,1.0,6.3,0.11,2.3,1.1,2.1,0.0,8.2,20.6
17567,2001,2948,Michael Finley,DAL,SF,18.2,5.6,2.9,8.5,0.119,2.4,1.9,3.4,0.001,8.7,21.5
17050,2000,2948,Michael Finley,DAL,SF,19.2,6.4,1.9,8.3,0.114,3.0,2.1,3.6,0.001,9.1,22.6
17221,2001,2696,Alonzo Mourning,MIA,C,24.6,0.2,0.7,0.9,0.148,1.7,2.9,0.4,0.0,5.6,13.6
16726,2000,2696,Alonzo Mourning,MIA,C,25.8,7.3,5.6,12.9,0.226,3.1,5.3,5.0,0.303,8.3,21.7
18830,2004,2781,Chris Webber,SAC,PF,17.2,0.1,0.9,1.1,0.061,-0.2,-0.6,0.3,0.0,7.6,18.7
18333,2003,2781,Chris Webber,SAC,PF,20.9,1.7,5.3,6.9,0.127,2.0,3.5,3.6,0.016,9.9,23.0
17833,2002,2781,Chris Webber,SAC,PF,24.4,4.8,3.9,8.6,0.2,3.8,5.4,3.9,0.029,9.9,24.5
17304,2001,2781,Chris Webber,SAC,PF,24.7,5.8,5.2,11.0,0.186,4.0,5.5,5.3,0.42,11.2,27.1
16814,2000,2781,Chris Webber,SAC,PF,23.4,5.7,5.0,10.7,0.179,3.6,5.7,5.6,0.079,10.0,24.5
17341,2001,2846,Darrell Armstrong,ORL,PG,18.6,5.8,2.9,8.7,0.151,3.2,3.3,3.6,0.0,5.5,15.9
16843,2000,2846,Darrell Armstrong,ORL,PG,19.5,4.6,3.4,8.0,0.149,3.6,4.5,4.3,0.001,5.9,16.2
20307,2006,2815,P.J. Brown,NOK,C,12.7,2.1,2.3,4.4,0.088,-1.3,-1.5,0.3,0.0,3.6,9.0
19748,2005,2815,P.J. Brown,NOH,PF,15.5,4.0,2.9,6.9,0.118,0.1,0.2,1.5,0.001,4.1,10.8
19144,2004,2815,P.J. Brown,NOH,PF,15.7,4.7,3.4,8.1,0.142,0.3,0.7,1.9,0.0,4.2,10.5
19801,2005,2822,Sam Cassell,MIN,PG,18.6,2.8,1.0,3.8,0.119,1.9,1.2,1.2,0.0,5.4,13.5
19207,2004,2822,Sam Cassell,MIN,PG,22.8,8.8,3.3,12.1,0.205,4.1,4.4,4.6,0.003,7.7,19.8
18650,2003,2822,Sam Cassell,MIL,PG,22.3,8.8,0.8,9.6,0.171,3.9,2.7,3.2,0.0,7.0,19.7
18415,2003,2585,Gary Payton,SEA,PG,21.4,4.3,1.9,6.2,0.14,4.0,4.1,3.2,0.0,8.5,20.8
18416,2003,2585,Gary Payton,MIL,PG,20.5,2.8,0.1,2.9,0.128,3.3,1.3,0.9,0.0,7.9,19.6
17923,2002,2585,Gary Payton,SEA,PG,22.9,10.1,2.5,12.6,0.183,5.2,5.1,5.9,0.043,9.0,22.1
17416,2001,2585,Gary Payton,SEA,PG,22.1,9.1,1.7,10.8,0.16,4.7,4.0,4.9,0.0,9.2,23.1
16910,2000,2585,Gary Payton,SEA,PG,23.6,10.5,3.5,13.9,0.195,5.8,6.4,7.3,0.149,9.1,24.2
17448,2001,2867,Jalen Rose,IND,SF,17.8,4.8,2.5,7.3,0.119,2.1,1.8,2.7,0.0,7.9,20.5
16939,2000,2867,Jalen Rose,IND,SF,16.7,4.4,2.9,7.3,0.118,1.2,1.4,2.5,0.001,7.0,18.2
17624,2001,2386,Reggie Miller,IND,SG,17.3,8.1,2.2,10.3,0.155,2.8,2.3,3.4,0.0,6.4,18.9
17097,2000,2386,Reggie Miller,IND,SG,17.3,8.0,2.0,10.1,0.162,3.0,2.7,3.6,0.001,5.8,18.1
18967,2004,2801,Jamal Mashburn,NOH,SF,14.7,0.1,0.6,0.7,0.048,0.2,-1.5,0.1,0.0,8.2,20.8
18447,2003,2801,Jamal Mashburn,NOH,SF,18.0,5.4,3.6,9.0,0.13,2.6,2.2,3.5,0.001,8.2,21.6
17964,2002,2801,Jamal Mashburn,CHH,SF,16.9,1.8,1.6,3.4,0.101,1.7,1.1,1.3,0.0,7.6,21.5
18013,2002,2252,Karl Malone,UTA,PF,21.1,5.5,4.3,9.8,0.155,2.9,3.7,4.4,0.0,7.9,22.4
17494,2001,2252,Karl Malone,UTA,PF,24.7,9.1,4.0,13.1,0.217,5.5,6.6,6.3,0.017,8.3,23.2
16985,2000,2252,Karl Malone,UTA,PF,27.1,10.7,4.5,15.3,0.249,6.4,7.5,7.1,0.258,9.2,25.5
17769,2002,2481,Anthony Mason,MIL,PF,12.9,4.4,2.0,6.4,0.097,-0.3,-0.6,1.1,0.0,3.9,9.6
17233,2001,2481,Anthony Mason,MIA,PF,17.4,6.0,5.6,11.6,0.171,0.8,1.9,3.2,0.001,5.8,16.1
16739,2000,2481,Anthony Mason,CHH,SF,14.4,4.9,3.9,8.9,0.136,0.1,0.8,2.2,0.0,3.9,11.6
17861,2002,2494,David Robinson,SAS,C,20.3,5.0,5.1,10.1,0.211,1.6,3.9,3.4,0.0,4.4,12.2
17345,2001,2494,David Robinson,SAS,C,23.7,6.4,5.7,12.1,0.246,2.5,5.2,4.3,0.006,5.0,14.4
16846,2000,2494,David Robinson,SAS,C,24.6,6.2,6.4,12.7,0.238,3.1,5.8,5.0,0.0,6.6,17.8
18000,2002,2183,John Stockton,UTA,PG,21.9,8.0,2.6,10.7,0.2,4.1,5.3,4.8,0.0,4.9,13.4
17484,2001,2183,John Stockton,UTA,PG,22.3,8.2,2.6,10.8,0.216,5.5,6.7,5.3,0.001,4.0,11.5
16973,2000,2183,John Stockton,UTA,PG,22.4,8.2,3.1,11.2,0.222,5.0,6.6,5.3,0.0,4.4,12.1
18568,2003,2193,Michael Jordan,WAS,SF,19.3,2.9,3.4,6.2,0.099,1.8,1.7,2.8,0.0,8.3,20.0
18076,2002,2193,Michael Jordan,WAS,SF,20.7,1.2,2.1,3.3,0.075,3.2,3.1,2.7,0.013,9.2,22.9
